<application>
  <component name="GeneralSettings">
    <option name="showTipsOnStartup" value="false" />
    <option name="reopenLastProject" value="false" />
    <option name="confirmOpenNewProject2" value="-1" />
  </component>
  <component name="Registry">
    <entry key="moved.to.new.ui" value="true" source="SYSTEM" />
    <entry key="ide.experimental.ui" value="true" source="SYSTEM" />
    <entry key="vcs.log.index.enable" value="true" source="SYSTEM" />
    <entry key="ide.browser.jcef.out-of-process.enabled" value="false" source="SYSTEM" />
    <entry key="enable.connection.configuration.widget" value="false" source="SYSTEM" />
    <entry key="THIN_CLIENT_EXTERNAL_SYSTEM.system.in.process" value="true" source="SYSTEM" />
  </component>
  <component name="StatusBar">
    <option name="widgets">
      <map>
        <entry key="Memory" value="true" />
      </map>
    </option>
  </component>
</application>