<application>
  <component name="ProjectManager">
    <defaultProject>
      <component name="AutoImportSettings">
        <option name="autoReloadType" value="SELECTIVE" />
      </component>
      <component name="MavenImportPreferences">
        <option name="generalSettings">
          <MavenGeneralSettings>
            <option name="mavenHomeTypeForPersistence" value="WRAPPER" />
          </MavenGeneralSettings>
        </option>
      </component>
      <component name="PropertiesComponent"><![CDATA[{
  "keyToString": {
    "settings.editor.selected.configurable": "MavenSettings"
  }
}]]></component>
      <component name="WindowStateProjectService">
        <state x="536" y="94" key="#SSH_Configurations" timestamp="1761811553747">
          <screen x="0" y="0" width="1920" height="1040" />
        </state>
        <state x="536" y="94" key="#SSH_Configurations/0.0.1920.1040" timestamp="1761811553747" />
        <state x="722" y="240" width="500" height="526" key="#com.intellij.ssh.ui.SftpBrowserDialog" timestamp="1761812460871">
          <screen x="0" y="0" width="1920" height="1040" />
        </state>
        <state x="722" y="240" width="500" height="526" key="#com.intellij.ssh.ui.SftpBrowserDialog/0.0.1920.1040" timestamp="1761812460871" />
        <state x="461" y="84" key="SettingsEditor" timestamp="1764919107563">
          <screen x="0" y="0" width="1920" height="1040" />
        </state>
        <state x="461" y="84" key="SettingsEditor/0.0.1920.1040" timestamp="1763975611784" />
        <state x="461" y="84" key="SettingsEditor/0.0.1920.1040/1920.-182.1504.963" timestamp="1764919107563" />
      </component>
    </defaultProject>
  </component>
</application>