<application>
  <component name="SshLocalRecentConnectionsManager">
    <option name="connections">
      <list>
        <LocalRecentConnectionState>
          <option name="configId" value="0534131c-1689-4dc2-bbf2-a65787be61bf" />
          <option name="projects">
            <list>
              <RecentProjectState>
                <option name="date" value="1764845569450" />
                <option name="latestUsedIde">
                  <RecentProjectInstalledIde>
                    <option name="buildNumber" value="252.27397.103" />
                    <option name="pathToIde" value="/data/local/JetBrains/idea-IU-252.27397.103" />
                    <option name="productCode" value="IU" />
                  </RecentProjectInstalledIde>
                </option>
                <option name="productCode" value="IU" />
                <option name="projectPath" value="/data/local/workspaces/baidu/icode/ideps-ireport" />
              </RecentProjectState>
              <RecentProjectState>
                <option name="date" value="1764838973327" />
                <option name="latestUsedIde">
                  <RecentProjectInstalledIde>
                    <option name="buildNumber" value="252.27397.103" />
                    <option name="pathToIde" value="/data/local/JetBrains/idea-IU-252.27397.103" />
                    <option name="productCode" value="IU" />
                  </RecentProjectInstalledIde>
                </option>
                <option name="productCode" value="IU" />
                <option name="projectPath" value="/data/local/workspaces/baidu/icode/ideps-analyzer" />
              </RecentProjectState>
              <RecentProjectState>
                <option name="date" value="1764814829193" />
                <option name="latestUsedIde">
                  <RecentProjectInstalledIde>
                    <option name="buildNumber" value="252.27397.106" />
                    <option name="pathToIde" value="/data/local/JetBrains/pycharm-2025.2.4" />
                    <option name="productCode" value="PY" />
                  </RecentProjectInstalledIde>
                </option>
                <option name="productCode" value="PY" />
                <option name="projectPath" value="/data/local/workspaces/baidu/icode/ideps-offline" />
              </RecentProjectState>
              <RecentProjectState>
                <option name="date" value="1764757625916" />
                <option name="latestUsedIde">
                  <RecentProjectInstalledIde>
                    <option name="buildNumber" value="252.27397.103" />
                    <option name="pathToIde" value="/data/local/JetBrains/idea-IU-252.27397.103" />
                    <option name="productCode" value="IU" />
                  </RecentProjectInstalledIde>
                </option>
                <option name="productCode" value="IU" />
                <option name="projectPath" value="/data/local/workspaces/baidu/test/v_zhaolanqi" />
              </RecentProjectState>
              <RecentProjectState>
                <option name="date" value="1764671945812" />
                <option name="latestUsedIde">
                  <RecentProjectInstalledIde>
                    <option name="buildNumber" value="252.27397.103" />
                    <option name="pathToIde" value="/data/local/JetBrains/idea-IU-252.27397.103" />
                    <option name="productCode" value="IU" />
                  </RecentProjectInstalledIde>
                </option>
                <option name="productCode" value="IU" />
                <option name="projectPath" value="/data/local/workspaces/baidu/icode/ideps-core" />
              </RecentProjectState>
            </list>
          </option>
        </LocalRecentConnectionState>
      </list>
    </option>
  </component>
</application>