<application>
  <component name="Trusted.Paths">
    <option name="TRUSTED_PROJECT_PATHS">
      <map>
        <entry key="C:\Users\Administrator\AppData\Roaming\JetBrains\IntelliJIdea2025.2\projects\24c50337ef0cc698ffe0c707f55f90390b51a4f9" value="true" />
        <entry key="C:\Users\Administrator\AppData\Roaming\JetBrains\IntelliJIdea2025.2\projects\4d68498d94f3f839051a7c1383dcde127fad6a5a" value="true" />
        <entry key="C:\Users\Administrator\AppData\Roaming\JetBrains\IntelliJIdea2025.2\projects\a5c1bc35ed5dd840be21ad128f1cb6ac5d9096f5" value="true" />
        <entry key="C:\Users\Administrator\AppData\Roaming\JetBrains\IntelliJIdea2025.2\projects\d3c30ecf4058024b851a857aeeb941e17208650c" value="true" />
        <entry key="X:\workspaces\demo" value="true" />
        <entry key="X:\workspaces\mars-parent" value="true" />
      </map>
    </option>
  </component>
  <component name="Trusted.Paths.Settings">
    <option name="TRUSTED_PATHS">
      <list>
        <option value="X:\workspaces" />
      </list>
    </option>
  </component>
</application>