<application>
  <component name="DimensionService">
    <location key="find.popup.0.0.1920.1080" x="724" y="127" />
    <location key="REMOTE_DEVELOPMENT_CONNECTION.0.0.1920.1080" x="552" y="170" />
    <size key="find.popup.0.0.1920.1080" width="769" height="634" />
    <size key="GridCell.Tab.0.left.0.0.1920.1080" width="1789" height="400" />
    <size key="GridCell.Tab.0.center.0.0.1920.1080" width="1789" height="400" />
    <size key="GridCell.Tab.0.right.0.0.1920.1080" width="1789" height="400" />
    <size key="GridCell.Tab.0.bottom.0.0.1920.1080" width="1789" height="400" />
    <size key="GridCell.Tab.1.left.0.0.1920.1080" width="1789" height="400" />
    <size key="GridCell.Tab.1.center.0.0.1920.1080" width="1789" height="400" />
    <size key="GridCell.Tab.1.right.0.0.1920.1080" width="1789" height="400" />
    <size key="GridCell.Tab.1.bottom.0.0.1920.1080" width="1789" height="400" />
    <size key="GridCell.Tab.2.left.0.0.1920.1080" width="1789" height="400" />
    <size key="GridCell.Tab.2.center.0.0.1920.1080" width="1789" height="400" />
    <size key="GridCell.Tab.2.right.0.0.1920.1080" width="1789" height="400" />
    <size key="GridCell.Tab.2.bottom.0.0.1920.1080" width="1789" height="400" />
    <size key="GridCell.Tab.3.left.0.0.1920.1080" width="1789" height="400" />
    <size key="GridCell.Tab.3.center.0.0.1920.1080" width="1789" height="400" />
    <size key="GridCell.Tab.3.right.0.0.1920.1080" width="1789" height="400" />
    <size key="GridCell.Tab.3.bottom.0.0.1920.1080" width="1789" height="400" />
    <size key="GridCell.Tab.4.left.0.0.1920.1080" width="1789" height="400" />
    <size key="GridCell.Tab.4.center.0.0.1920.1080" width="1789" height="400" />
    <size key="GridCell.Tab.4.right.0.0.1920.1080" width="1789" height="400" />
    <size key="GridCell.Tab.4.bottom.0.0.1920.1080" width="1789" height="400" />
    <size key="GridCell.Tab.5.left.0.0.1920.1080" width="1789" height="400" />
    <size key="GridCell.Tab.5.center.0.0.1920.1080" width="1789" height="400" />
    <size key="GridCell.Tab.5.right.0.0.1920.1080" width="1789" height="400" />
    <size key="GridCell.Tab.5.bottom.0.0.1920.1080" width="1789" height="400" />
    <size key="REMOTE_DEVELOPMENT_CONNECTION.0.0.1920.1080" width="816" height="699" />
  </component>
  <component name="WindowManager">
    <frame x="-8" y="-8" width="1930" height="1050" extendedState="6" />
  </component>
  <component name="WindowStateApplicationService">
    <state width="651" height="107" key="ShowUsagesActions.dimensionServiceKey" timestamp="1764844699534">
      <screen x="0" y="0" width="1920" height="1040" />
    </state>
    <state width="584" height="147" key="ShowUsagesActions.dimensionServiceKey/0.0.1920.1040" timestamp="1763981972436" />
    <state width="651" height="107" key="ShowUsagesActions.dimensionServiceKey/0.0.1920.1040/1920.-182.1504.963" timestamp="1764844699534" />
    <state x="960" y="455" width="888" height="650" key="WELCOME_SCREEN" timestamp="1764924600097">
      <screen x="0" y="0" width="1920" height="1040" />
    </state>
    <state x="960" y="455" width="888" height="650" key="WELCOME_SCREEN/0.0.1920.1040" timestamp="1764555237225" />
    <state x="596" y="144" width="160" height="28" key="WELCOME_SCREEN/0.0.1920.1040/-2256.-136.1504.963" timestamp="1763705619319" />
    <state x="960" y="455" width="888" height="650" key="WELCOME_SCREEN/0.0.1920.1040/1920.-182.1504.963" timestamp="1764924600097" />
    <state x="596" y="144" width="160" height="28" key="WELCOME_SCREEN/0.0.1920.1040/1920.-212.1280.680" timestamp="1763705686518" />
    <state x="960" y="455" width="888" height="650" key="WELCOME_SCREEN/0.0.1920.1040/1920.-212.1504.963" timestamp="1763716493243" />
    <state x="596" y="144" width="160" height="28" key="WELCOME_SCREEN/0.0.1920.1040/1920.-212.1504.976" timestamp="1763705721250" />
    <state x="596" y="144" width="160" height="28" key="WELCOME_SCREEN/0.0.1920.1040/1920.-212.1920.1020" timestamp="1763705691066" />
    <state x="596" y="144" width="160" height="28" key="WELCOME_SCREEN/0.0.1920.1040/1920.-212.2256.1444" timestamp="1763705712681" />
    <state x="596" y="144" width="160" height="28" key="WELCOME_SCREEN/0.0.1920.1040/1920.-212.2256.1464" timestamp="1763705703751" />
    <state x="628" y="144" width="160" height="28" key="WELCOME_SCREEN/0.0.1920.1080" timestamp="1764575816764" />
    <state x="628" y="144" width="160" height="28" key="WELCOME_SCREEN/0.0.1920.1080/0.0.1920.1080" timestamp="1764575791022" />
    <state width="300" height="524" key="manage.recent.projects.popup" timestamp="1764744151300">
      <screen x="0" y="0" width="1920" height="1040" />
    </state>
    <state width="300" height="524" key="manage.recent.projects.popup/0.0.1920.1040/1920.-182.1504.963" timestamp="1764744151300" />
  </component>
</application>