<application>
  <component name="Translation.Cache">
    <option name="lastTrimTime" value="1764583650838" />
  </component>
  <component name="Translation.States">
    <option name="translationDialogHeight" value="260" />
    <option name="translationDialogLocationX" value="659" />
    <option name="translationDialogLocationY" value="389" />
    <histories>
      <item value="Consider defining a bean of type 'com.mars.service.core.config.env.GlobalEnv' in your configuration." />
      <item value="A component required a bean of type 'com.mars.service.core.config.env.GlobalEnv' that could not be found." />
      <item value="Advice" />
      <item value="Standard behavior: script execution should fail if a 'DROP' statement fails (optional, but safer)" />
      <item value="Standard behavior: execution should fail if any statement causes an error" />
      <item value="Set standard configuration options" />
      <item value="Add the SQL script resource" />
      <item value="A configured ResourceDatabasePopulator instance." />
      <item value="The classpath location of the SQL script." />
      <item value="Configures and creates a ResourceDatabasePopulator for script execution." />
      <item value=" Treat check failure as an initialization requirement to prevent accidental data loss and throw a RuntimeException if  &#10;  connection/query fails fundamentally." />
      <item value=" Treat check failure as an initialization requirement to prevent accidental data loss and throw a RuntimeException if  &#10;            // connection/query fails fundamentally." />
      <item value="Treat check failure as an initialization requirement to prevent accidental data loss and throw a RuntimeException if connectionquery fails fundamentally." />
      <item value="If rs.next() is true, a table was found, meaning the database is already initialized." />
      <item value="Use try-with-resources for Connection" />
      <item value="SQL to check for the existence of any table in the specified schema (MySQLMariaDB specific)" />
      <item value="true if the database contains at least one table, false otherwise." />
      <item value="true if the database contains at least one table, false otherwise" />
      <item value="if the database contains at least one table, false otherwise." />
      <item value="The DataSource to connect to the database." />
      <item value="Checks if the specified database schema already contains any tables." />
      <item value="Propagate the exception to halt application startup if initialization fails" />
      <item value="First, check if the database already contains tables." />
      <item value="The database name to check against." />
      <item value="The classpath location of the initialization SQL script." />
      <item value="The schemadatabase name to check against." />
      <item value="The DataSource for the database to be initialized." />
      <item value="Checks if the target database contains any tables and executes the SQL script if it's empty." />
      <item value="Initializes all required databases after the application context is constructed. This method is executed automatically after dependency injection is complete." />
      <item value="Use constructor injection for required dependencies (more modern Spring practice)" />
      <item value="Component to initialize databases upon application startup. It checks if tables already exist in a database schema and executes SQL scripts if the database is empty." />
      <item value="执行数据库初始化脚本" />
      <item value="It's possible to extract method returning 'populator' from a long surrounding method " />
      <item value="执行sql" />
      <item value="数据库初始化" />
      <item value="数据库" />
      <item value="iCode Repo Delete Event" />
      <item value="Params of Repo Delete Event Message is inComplete" />
      <item value="set map underscore to camel case" />
      <item value="隐私信息" />
      <item value="私有信息" />
      <item value="in complete" />
      <item value="is validated" />
      <item value="dispatch" />
      <item value="Number of units of time to delay before the first execution of a fixedRate or fixedDelay task. The time unit is milliseconds by default but can be overridden via timeUnit." />
      <item value="Execute the annotated method with a fixed period between invocations. The time unit is milliseconds by default but can be overridden via timeUnit." />
      <item value="fatal" />
      <item value="refUpdated Analyzer fatal" />
      <item value="填补" />
      <item value="补充" />
    </histories>
    <option name="languageScores">
      <map>
        <entry key="CHINESE_SIMPLIFIED" value="97" />
        <entry key="ENGLISH" value="98" />
      </map>
    </option>
  </component>
</application>